<component name="ProjectRunConfigurationManager">
  <configuration default="false" name="src" type="Application" factoryName="Application" singleton="false">
    <option name="ALTERNATIVE_JRE_PATH" value="openjdk-15" />
    <option name="ALTERNATIVE_JRE_PATH_ENABLED" value="true" />
    <option name="INCLUDE_PROVIDED_SCOPE" value="true" />
    <option name="MAIN_CLASS_NAME" value="sun.jvm.hotspot.DebugServer" />
    <module name="adisereima-cs1a-project03" />
    <option name="REDIRECT_INPUT" value="true" />
    <method v="2">
      <option name="Make" enabled="true" />
    </method>
  </configuration>
</component>